Wavelength,c
339.32965,0.908387121
339.7089347,0.908387121
340.0881806,0.908387121
340.4673879,0.938985355
340.8465564,0.660848323
341.2256862,0.772864881
341.6047772,0.774849069
341.9838295,1.095781711
342.362843,0.782436704
342.7418178,0.859644115
343.1207537,0.723391398
343.4996509,1.148995792
343.8785093,1.100242712
344.2573289,0.992956107
344.6361097,1.080155919
345.0148516,0.763652148
345.3935547,0.923686035
345.772219,0.801323442
346.1508444,1.103742805
346.529431,1.019462196
346.9079787,1.082589102
347.2864875,1.051659476
347.6649575,0.907058767
348.0433885,0.825805793
348.4217806,1.065568051
348.8001339,1.083126191
349.1784482,0.970703917
349.5567236,0.853162721
349.93496,1.020405623
350.3131575,1.036584994
350.6913161,0.934486084
351.0694356,0.910144495
351.4475162,1.028183495
351.8255579,1.093942885
352.2035605,1.046859931
352.5815241,0.962201044
352.9594488,0.974132647
353.3373344,1.064236221
353.715181,0.850195221
354.0929885,0.91601386
354.470757,0.879916597
354.8484865,1.115894361
355.2261769,0.956000047
355.6038282,0.958092252
355.9814404,1.053424641
356.3590136,1.017283525
356.7365477,1.107820254
357.1140426,0.969116161
357.4914985,0.89854088
357.8689152,0.909485245
358.2462928,0.984870362
358.6236312,0.977250446
359.0009305,1.06439059
359.3781907,1.165212517
359.7554116,1.186262374
360.1325934,1.001617028
360.509736,0.953516894
360.8868395,1.104920074
361.2639037,0.992207581
361.6409287,0.985200942
362.0179145,1.044116913
362.3948611,0.935193485
362.7717684,1.10587055
363.1486365,1.031591914
363.5254653,1.081042263
363.9022548,1.018499222
364.2790051,1.174236821
364.6557161,0.957977969
365.0323879,0.936353928
365.4090203,1.176297098
365.7856134,0.906201541
366.1621672,1.014771432
366.5386816,0.964554851
366.9151568,0.966971283
367.2915926,1.114938161
367.667989,1.040379391
368.0443461,0.994011044
368.4206638,1.111135478
368.7969421,1.068928177
369.1731811,1.214865798
369.5493806,1.10161395
369.9255408,1.083201152
370.3016615,0.867456439
370.6777428,0.87944209
371.0537847,0.997306584
371.4297872,0.957514204
371.8057501,0.898192174
372.1816737,1.060054026
372.5575577,0.924881501
372.9334023,1.118004413
373.3092074,0.95965332
373.6849731,0.978418991
374.0606992,0.948567173
374.4363858,0.991332577
374.8120329,1.007120259
375.1876404,0.998561049
375.5632085,0.918411074
375.9387369,1.013207196
376.3142259,0.988664042
376.6896752,0.9381956
377.065085,0.990262035
377.4404552,1.061358982
377.8157858,0.965333708
378.1910768,0.914068089
378.5663283,0.963952568
378.9415401,1.036623002
379.3167122,1.076521699
379.6918448,1.070829547
380.0669377,0.946850964
380.4419909,0.949692899
380.8170045,0.948149522
381.1919784,0.905531688
381.5669126,0.981953792
381.9418072,0.983980971
382.3166621,0.945622209
382.6914772,1.020966888
383.0662527,1.007604278
383.4409884,1.01723171
383.8156844,0.966440926
384.1903406,0.966610815
384.5649571,1.158939559
384.9395339,0.947423482
385.3140708,1.035044576
385.688568,1.024106139
386.0630255,1.025763076
386.4374431,0.981594418
386.8118209,1.073113794
387.1861589,0.990827539
387.5604571,1.003512455
387.9347155,1.022921268
388.308934,1.016369121
388.6831127,0.971436479
389.0572516,1.057567768
389.4313505,1.032282316
389.8054097,0.949987183
390.1794289,1.000150393
390.5534082,0.958369505
390.9273477,0.966906416
391.3012472,0.935530829
391.6751068,0.990827929
392.0489265,1.10994564
392.4227062,0.977519742
392.7964461,1.032619264
393.1701459,1.017713835
393.5438058,0.9986741
393.9174258,0.931796793
394.2910057,1.005355343
394.6645457,1.027498088
395.0380457,1.006839643
395.4115057,1.021313972
395.7849256,1.019155469
396.1583056,0.995189268
396.5316455,0.997520011
396.9049454,1.030960475
397.2782052,0.976959508
397.651425,1.013865301
398.0246047,0.956529598
398.3977443,0.936700462
398.7708439,1.057295093
399.1439033,0.956418861
399.5169227,1.001394896
399.8899019,1.012446395
400.2628411,1.018870946
400.6357401,0.951952846
401.0085989,1.039794678
401.3814176,0.966193291
401.7541962,0.973243598
402.1269346,1.021999516
402.4996329,1.02381557
402.8722909,1.030336047
403.2449088,1.059132966
403.6174865,0.982387239
403.9900239,1.030017579
404.3625212,1.004019717
404.7349782,1.022406798
405.107395,1.011810598
405.4797716,1.029953606
405.8521079,0.969735606
406.2244039,1.002464098
406.5966597,0.983274042
406.9688752,1.013356934
407.3410504,1.011371833
407.7131853,0.952734251
408.0852799,0.954164828
408.4573343,0.963775567
408.8293482,0.993572611
409.2013219,0.977890824
409.5732552,1.030843102
409.9451482,0.971601877
410.3170008,0.973780938
410.6888131,1.0237503
411.0605849,1.038799481
411.4323164,0.989522519
411.8040075,0.989810323
412.1756582,0.989351473
412.5472685,0.99288232
412.9188384,0.971158739
413.2903679,0.996520427
413.6618569,1.06951014
414.0333055,1.006830104
414.4047136,0.998268825
414.7760812,1.004553702
415.1474084,0.977015096
415.5186951,0.996827902
415.8899414,1.034466285
416.2611471,0.995183599
416.6323123,1.060931308
417.003437,0.995317075
417.3745212,0.997480273
417.7455648,1.005653091
418.116568,1.063220864
418.4875305,1.01936092
418.8584525,1.01850189
419.2293339,1.002153394
419.6001748,1.060248921
419.9709751,0.985851667
420.3417348,1.051867369
420.7124538,1.030956425
421.0831323,1.043593019
421.4537701,1.008169453
421.8243674,0.982320982
422.1949239,0.99600427
422.5654399,1.023509536
422.9359152,1.026169201
423.3063498,0.991613286
423.6767437,1.047638824
424.047097,1.007096587
424.4174095,1.004553616
424.7876814,1.023235179
425.1579126,1.002952593
425.528103,1.012475686
425.8982527,1.000892254
426.2683617,1.037281004
426.6384299,0.985666391
427.0084574,1.01572136
427.3784442,1.046492405
427.7483901,1.029535695
428.1182953,0.987115963
428.4881597,0.997716052
428.8579833,0.99456111
429.2277661,1.030216455
429.5975081,1.029974898
429.9672092,1.013944376
430.3368695,1.031766853
430.706489,0.991101215
431.0760676,1.026537486
431.4456054,1.032861152
431.8151023,1.010400098
432.1845584,1.041727032
432.5539735,1.009278755
432.9233478,0.99668894
433.2926811,1.033283912
433.6619736,1.002536604
434.0312251,1.033203434
434.4004357,1.008077799
434.7696053,1.019893445
435.138734,1.003693762
435.5078218,1.005875059
435.8768686,0.985607641
436.2458744,1.022098556
436.6148392,0.993590569
436.9837631,1.028424159
437.3526459,1.011107328
437.7214878,1.013585879
438.0902886,1.036465981
438.4590484,0.989678517
438.8277672,1.016838329
439.1964449,0.993280232
439.5650816,0.987436894
439.9336772,1.003170082
440.3022317,1.010200743
440.6707452,0.982375043
441.0392176,0.99068043
441.4076489,0.995461368
441.776039,1.015869174
442.1443881,1.025320197
442.512696,1.017763113
442.8809628,1.002492615
443.2491885,0.995748764
443.617373,1.015554057
443.9855164,0.998952809
444.3536186,1.002005668
444.7216796,0.991794411
445.0896995,1.000324659
445.4576781,1.013127637
445.8256156,1.016676786
446.1935118,1.002385464
446.5613668,0.995288505
446.9291806,1.016307587
447.2969532,1.00145851
447.6646845,1.015809141
448.0323745,1.009729537
448.4000233,1.008528469
448.7676308,0.995715581
449.1351971,1.01038608
449.502722,1.006864771
449.8702056,0.999691773
450.237648,1.001719423
450.605049,1.015346028
450.9724087,1.017597538
451.3397271,1.002089566
451.7070041,0.989890771
452.0742398,1.014500157
452.4414341,1.007743764
452.808587,1.016042227
453.1756986,0.998078427
453.5427688,1.013549794
453.9097976,1.007258766
454.276785,0.999773031
454.6437309,1.028861648
455.0106355,0.994362114
455.3774986,1.001127555
455.7443203,0.997864089
456.1111005,0.997996406
456.4778393,1.011907122
456.8445366,1.015276615
457.2111924,1.010454136
457.5778068,1.001360696
457.9443796,1.0080753
458.310911,1.008711513
458.6774008,1.004201992
459.0438491,0.993884354
459.4102559,0.999619018
459.7766212,1.017067187
460.1429449,1.006541956
460.5092271,1.006458025
460.8754677,1.01723897
461.2416667,1.017242113
461.6078242,1.011245515
461.97394,1.021099437
462.3400143,1.009385292
462.706047,0.997205807
463.072038,0.995873143
463.4379874,0.999363216
463.8038952,1.009443198
464.1697614,1.012774235
464.5355858,1.012025444
464.9013687,0.999083868
465.2671098,1.016499608
465.6328093,0.999162946
465.9984671,1.013537245
466.3640832,1.009685286
466.7296576,1.019265467
467.0951903,1.012696875
467.4606813,1.006256878
467.8261305,1.008043531
468.191538,1.003570055
468.5569038,1.008174162
468.9222278,1.011186111
469.28751,1.017609367
469.6527505,1.01021458
470.0179492,1.004087048
470.383106,1.00714893
470.7482211,1.002742648
471.1132944,1.002420274
471.4783259,1.008170008
471.8433155,1.014134068
472.2082633,1.014139457
472.5731692,1.013692901
472.9380333,1.001696439
473.3028556,1.001974284
473.6676359,1.002212337
474.0323744,1.012955186
474.397071,1.007296851
474.7617257,1.008114948
475.1263385,1.00375525
475.4909094,1.002568704
475.8554383,1.008024525
476.2199253,1.018302657
476.5843704,0.999943514
476.9487735,1.006639243
477.3131347,0.999926675
477.6774539,1.006985587
478.0417311,1.013389948
478.4059664,0.999246238
478.7701596,1.014696042
479.1343109,1.001991469
479.4984201,1.005453197
479.8624873,1.013689548
480.2265125,1.009643331
480.5904956,1.010022157
480.9544367,1.007324399
481.3183358,1.014510766
481.6821927,1.005905923
482.0460076,1.00477316
482.4097805,1.008438885
482.7735112,1.003440991
483.1371998,1.005508238
483.5008463,1.016629513
483.8644507,1.011055714
484.228013,1.005163221
484.5915331,1.010376646
484.9550111,1.005462189
485.318447,1.011625497
485.6818407,1.01116725
486.0451922,1.010918804
486.4085015,1.006517909
486.7717687,1.011334206
487.1349936,1.001407318
487.4981763,1.001335288
487.8613169,1.003626605
488.2244152,1.008806882
488.5874712,1.006372205
488.9504851,1.005774078
489.3134567,1.002586318
489.676386,1.00680265
490.039273,1.008099639
490.4021178,1.00343706
490.7649203,1.000877907
491.1276805,0.999856854
491.4903984,0.997361281
491.853074,1.002568936
492.2157073,1.001328506
492.5782982,1.004918996
492.9408468,1.002748243
493.3033531,1.005711228
493.665817,1.00270602
494.0282385,1.011205929
494.3906177,1.000890407
494.7529544,1.000868812
495.1152488,1.001236054
495.4775008,1.002970729
495.8397104,1.002397611
496.2018776,1.002789016
496.5640023,1.005170966
496.9260846,0.998046585
497.2881245,1.004590727
497.6501219,1.004752433
498.0120768,1.000948529
498.3739893,1.005760631
498.7358593,1.01056909
499.0976868,1.002085421
499.4594718,1.001132086
499.8212143,1.005767396
500.1829143,1.005859685
500.5445718,1.002738436
500.9061867,1.001826277
501.2677591,1.008187552
501.629289,1.009928585
501.9907763,1.004097388
502.352221,1.004877859
502.7136232,1.008031309
503.0749827,1.004495825
503.4362997,1.006003054
503.7975741,1.000074742
504.1588058,1.003583892
504.519995,1.006681988
504.8811415,1.002644216
505.2422454,1.005181176
505.6033066,1.001876416
505.9643252,1.009868305
506.3253011,1.006539181
506.6862343,1.00851837
507.0471249,1.003271705
507.4079727,1.004699441
507.7687779,1.001078239
508.1295404,1.000260412
508.4902601,1.002719438
508.8509371,1.000286154
509.2115714,1.006085326
509.572163,1.001827029
509.9327118,1.003798263
510.2932178,1.000747556
510.653681,1.000861349
511.0141015,0.999560767
511.3744792,1.003442383
511.7348141,1.005346565
512.0951062,0.998518494
512.4553555,0.99795225
512.815562,1.003157771
513.1757256,1.00432982
513.5358464,1.005126896
513.8959243,1.004845535
514.2559594,0.995914267
514.6159516,1.001887547
514.975901,0.998052546
515.3358074,1.005431254
515.695671,1.00063924
516.0554916,0.99612783
516.4152694,0.997862705
516.7750042,1.003862718
517.1346961,1.002788998
517.4943451,1.002155908
517.8539511,1.00013727
518.2135142,1.007254574
518.5730343,0.999057939
518.9325114,0.998053497
519.2919456,1.001158224
519.6513367,0.997596522
520.0106849,1.001147526
520.3699901,1.001371065
520.7292522,1.002248803
521.0884713,0.999701342
521.4476474,0.996316972
521.8067804,1.00038551
522.1658704,1.001644734
522.5249174,0.998167076
522.8839212,1.000792112
523.242882,0.999613717
523.6017997,0.997855985
523.9606743,1.002272079
524.3195058,0.996560418
524.6782942,0.998897703
525.0370394,0.998172708
525.3957416,0.999369583
525.7544006,0.995670109
526.1130164,0.99892803
526.4715891,0.997579601
526.8301186,0.996393033
527.188605,1.00032668
527.5470481,0.998397331
527.9054481,1.002568889
528.2638049,1.003767366
528.6221184,0.998360334
528.9803888,0.996577374
529.3386159,0.997010618
529.6967998,1.000622998
530.0549404,0.997975524
530.4130378,0.993190284
530.7710919,0.998956045
531.1291027,0.993595939
531.4870703,0.990309452
531.8449946,0.992794161
532.2028756,0.996172412
532.5607132,0.997142668
532.9185076,0.998827681
533.2762586,0.995511751
533.6339663,0.992255763
533.9916307,0.991537095
534.3492517,0.989232463
534.7068293,0.992507011
535.0643636,0.992898809
535.4218545,0.9958977
535.779302,0.994536669
536.1367061,0.992449013
536.4940669,0.994659004
536.8513842,0.98850186
537.208658,0.988701045
537.5658885,0.988820391
537.9230755,0.985877783
538.2802191,0.988116831
538.6373192,0.988810542
538.9943758,0.994391869
539.351389,0.992731095
539.7083587,0.989191944
540.0652849,0.991442956
540.4221676,0.992414536
540.7790068,0.985113025
541.1358024,0.986700814
541.4925546,0.986329179
541.8492632,0.984054361
542.2059282,0.985634761
542.5625497,0.983575863
542.9191277,0.987114909
543.2756621,0.986595778
543.6321529,0.984688057
543.9886001,0.981245408
544.3450037,0.983690482
544.7013637,0.985846317
545.0576801,0.989149828
545.4139528,0.986535044
545.770182,0.983985193
546.1263674,0.98603833
546.4825093,0.98341409
546.8386075,0.98410152
547.194662,0.985460159
547.5506728,0.98648327
547.90664,0.986884364
548.2625634,0.989136805
548.6184432,0.987689944
548.9742792,0.987937795
549.3300715,0.983803642
549.6858201,0.986081722
550.041525,0.984704839
550.3971861,0.983801981
550.7528034,0.986475194
551.108377,0.98499342
551.4639068,0.985710478
551.8193929,0.987173897
552.1748351,0.984551682
552.5302335,0.98927836
552.8855882,0.986696182
553.240899,0.986265278
553.596166,0.991264947
553.9513891,0.989351168
554.3065684,0.989256415
554.6617039,0.98368923
555.0167955,0.9825042
555.3718432,0.981268425
555.726847,0.979707287
556.081807,0.981628615
556.436723,0.984818751
556.7915952,0.987476023
557.1464234,0.983143231
557.5012077,0.979369432
557.8559481,0.981714889
558.2106445,0.983001894
558.565297,0.98532643
558.9199056,0.981326563
559.2744701,0.980169107
559.6289907,0.978232868
559.9834673,0.977669311
560.3378999,0.981593705
560.6922885,0.983026003
561.0466331,0.981800421
561.4009337,0.984608958
561.7551903,0.982849416
562.1094028,0.983541926
562.4635712,0.979965345
562.8176956,0.981004259
563.171776,0.983049751
563.5258122,0.981687656
563.8798044,0.984486663
564.2337525,0.982726536
564.5876565,0.983985955
564.9415164,0.98527585
565.2953322,0.981269428
565.6491038,0.987522168
566.0028313,0.979988377
566.3565147,0.981580082
566.7101539,0.978773796
567.063749,0.978186459
567.4172999,0.982593408
567.7708066,0.982724865
568.1242691,0.984750743
568.4776874,0.988085893
568.8310615,0.984270791
569.1843914,0.983519531
569.5376771,0.98312785
569.8909185,0.981699841
570.2441158,0.979809409
570.5972687,0.981557583
570.9503774,0.981545557
571.3034418,0.979896866
571.656462,0.97902758
572.0094379,0.978927285
572.3623695,0.980378363
572.7152567,0.980449114
573.0680997,0.979874688
573.4208983,0.982497094
573.7736527,0.984698689
574.1263626,0.983958811
574.4790283,0.982650059
574.8316496,0.977691798
575.1842265,0.979298391
575.536759,0.979707049
575.8892472,0.981929133
576.241691,0.983968603
576.5940903,0.983883915
576.9464453,0.982539369
577.2987558,0.982539309
577.651022,0.980644319
578.0032437,0.981187711
578.3554209,0.976686981
578.7075537,0.97902548
579.059642,0.980092212
579.4116859,0.974865621
579.7636853,0.981618088
580.1156402,0.980083037
580.4675506,0.979531577
580.8194165,0.978075408
581.1712379,0.976078675
581.5230147,0.975958722
581.8747471,0.974763474
582.2264349,0.977853492
582.5780781,0.979488745
582.9296768,0.976073314
583.2812309,0.977935675
583.6327405,0.977507847
583.9842054,0.977944809
584.3356258,0.976571095
584.6870015,0.978036016
585.0383327,0.980588442
585.3896192,0.975319236
585.7408611,0.974216458
586.0920584,0.976041208
586.443211,0.978140994
586.794319,0.977725795
587.1453823,0.976899495
587.496401,0.975981319
587.8473749,0.976193428
588.1983042,0.976595505
588.5491888,0.976238815
588.9000286,0.975440835
589.2508238,0.974484518
589.6015742,0.976381304
589.9522799,0.968742757
590.3029408,0.974270894
590.653557,0.973686099
591.0041284,0.970503343
591.3546551,0.970175273
591.705137,0.971400381
592.0555741,0.968708881
592.4059664,0.972393504
592.7563139,0.971853076
593.1066166,0.975832453
593.4568744,0.975339613
593.8070875,0.973693639
594.1572556,0.975862743
594.507379,0.975084528
594.8574575,0.971525643
595.2074911,0.969356871
595.5574799,0.971861859
595.9074237,0.970829946
596.2573227,0.971598118
596.6071768,0.973221917
596.9569859,0.970238702
597.3067502,0.970422952
597.6564695,0.972628688
598.0061439,0.966514788
598.3557733,0.967310996
598.7053578,0.968641154
599.0548973,0.972499453
599.4043918,0.969837977
599.7538414,0.96786529
600.103246,0.968089512
600.4526056,0.965209416
600.8019201,0.973557885
601.1511897,0.971650212
601.5004142,0.968511714
601.8495937,0.965020009
602.1987282,0.96326054
602.5478176,0.96264712
602.8968619,0.962767397
603.2458612,0.965375129
603.5948154,0.964527092
603.9437245,0.966157973
604.2925885,0.96243367
604.6414075,0.964520657
604.9901813,0.966478401
605.3389099,0.966731735
605.6875935,0.964347634
606.0362319,0.962080345
606.3848252,0.964127007
606.7333733,0.963050683
607.0818762,0.965321514
607.430334,0.963695273
607.7787466,0.961053948
608.127114,0.962265919
608.4754362,0.961293666
608.8237131,0.959752726
609.1719449,0.961652526
609.5201315,0.964702677
609.8682728,0.963493917
610.2163688,0.961680239
610.5644196,0.961374622
610.9124252,0.963815892
611.2603854,0.963472331
611.6083004,0.964572487
611.9561701,0.961455971
612.3039945,0.961699805
612.6517736,0.960892946
612.9995074,0.958898378
613.3471959,0.957257076
613.694839,0.961037659
614.0424368,0.959611278
614.3899892,0.959231436
614.7374963,0.961075017
615.084958,0.96485741
615.4323744,0.962196638
615.7797453,0.961895773
616.1270709,0.961363416
616.474351,0.960030064
616.8215858,0.960677659
617.1687751,0.962933204
617.515919,0.960543529
617.8630174,0.96248185
618.2100704,0.960503211
618.557078,0.960276064
618.90404,0.958592815
619.2509566,0.955873846
619.5978278,0.957783584
619.9446534,0.955613999
620.2914335,0.956473912
620.6381682,0.959466203
620.9848573,0.957917816
621.3315009,0.955760805
621.6780989,0.957483237
622.0246514,0.955288949
622.3711583,0.959353684
622.7176197,0.958733116
623.0640356,0.95954774
623.4104058,0.957850202
623.7567304,0.958621953
624.1030095,0.960237718
624.4492429,0.956402127
624.7954308,0.954231784
625.141573,0.955223068
625.4876696,0.955797077
625.8337205,0.953236929
626.1797258,0.953470522
626.5256854,0.954949503
626.8715994,0.954531274
627.2174676,0.955567702
627.5632902,0.96027007
627.9090671,0.956260559
628.2547983,0.951513472
628.6004838,0.95256668
628.9461236,0.953747105
629.2917176,0.954905046
629.6372659,0.958157398
629.9827685,0.959163227
630.3282253,0.95944619
630.6736363,0.955307702
631.0190016,0.954974079
631.3643211,0.952901142
631.7095948,0.952470879
632.0548227,0.952329804
632.4000048,0.952098584
632.745141,0.950761345
633.0902315,0.95068839
633.4352761,0.953841857
633.7802748,0.951069157
634.1252277,0.956301417
634.4701348,0.95334953
634.814996,0.956387108
635.1598113,0.957137935
635.5045807,0.953119344
635.8493042,0.951001448
636.1939818,0.952611214
636.5386135,0.955415627
636.8831993,0.953162014
637.2277391,0.954778695
637.572233,0.952462833
637.9166809,0.949383458
638.2610829,0.95060971
638.605439,0.952676217
638.949749,0.95266268
639.2940131,0.952129811
639.6382312,0.95293127
639.9824032,0.948482284
640.3265293,0.949916922
640.6706093,0.945431581
641.0146433,0.947283236
641.3586313,0.948314583
641.7025732,0.950642302
642.0464691,0.946824899
642.3903189,0.951724889
642.7341227,0.954155088
643.0778803,0.952381315
643.4215919,0.955668151
643.7652573,0.953332448
644.1088767,0.952305909
644.4524499,0.953953943
644.7959771,0.954655955
645.139458,0.953692805
645.4828929,0.952147683
645.8262816,0.952090377
646.1696241,0.951067822
646.5129204,0.950967933
646.8561706,0.948242139
647.1993746,0.95249369
647.5425324,0.951555955
647.885644,0.948240762
648.2287094,0.950720338
648.5717285,0.948969939
648.9147014,0.951523119
649.2576281,0.953620546
649.6005086,0.953890882
649.9433427,0.956627187
650.2861306,0.952539879
650.6288723,0.951703356
650.9715676,0.95189408
651.3142167,0.951397439
651.6568194,0.949130879
651.9993759,0.955063254
652.341886,0.952075912
652.6843498,0.95124318
653.0267673,0.945237229
653.3691384,0.951878048
653.7114632,0.951428377
654.0537416,0.95094174
654.3959736,0.948870501
654.7381592,0.94831657
655.0802985,0.944510387
655.4223913,0.944173651
655.7644378,0.946414981
656.1064378,0.947304139
656.4483914,0.947264447
656.7902986,0.944475736
657.1321593,0.944622058
657.4739736,0.944687205
657.8157414,0.948426551
658.1574628,0.951210698
658.4991377,0.951710678
658.840766,0.947646606
659.1823479,0.948388085
659.5238833,0.947832482
659.8653722,0.94741456
660.2068146,0.949670662
660.5482104,0.950058017
660.8895597,0.951457979
661.2308624,0.950561171
661.5721186,0.948449454
661.9133282,0.947556395
662.2544912,0.946181373
662.5956077,0.945398946
662.9366775,0.945969709
663.2777008,0.945043366
663.6186774,0.948707615
663.9596075,0.945452769
664.3004909,0.947985256
664.6413276,0.95047179
664.9821178,0.94824859
665.3228612,0.953112923
665.663558,0.946932668
666.0042082,0.953218899
666.3448116,0.953398809
666.6853684,0.951161422
667.0258784,0.949886359
667.3663418,0.949265902
667.7067584,0.953938669
668.0471284,0.95027901
668.3874516,0.951369914
668.727728,0.951405328
669.0679577,0.950058015
669.4081406,0.952414592
669.7482768,0.951589314
670.0883662,0.950475754
670.4284088,0.950017206
670.7684046,0.947602372
671.1083536,0.951148235
671.4482558,0.949720225
671.7881111,0.95051756
672.1279197,0.954470272
672.4676814,0.951614513
672.8073962,0.951545701
673.1470642,0.95423727
673.4866854,0.957589484
673.8262596,0.952259408
674.165787,0.955790663
674.5052675,0.954221781
674.844701,0.956175351
675.1840877,0.958729006
675.5234275,0.958203524
675.8627203,0.958640558
676.2019662,0.959279049
676.5411651,0.958722684
676.8803171,0.957446349
677.2194221,0.957197039
677.5584802,0.957904639
677.8974913,0.958728849
678.2364554,0.959725125
678.5753725,0.957196374
678.9142425,0.95557055
679.2530656,0.953725966
679.5918417,0.962431944
679.9305707,0.960864
680.2692526,0.964297489
680.6078876,0.962368197
680.9464754,0.961676349
681.2850162,0.958650295
681.6235099,0.959430153
681.9619566,0.955931358
682.3003561,0.957850103
682.6387085,0.957938907
682.9770139,0.960022957
683.3152721,0.956870895
683.6534831,0.959060312
683.9916471,0.958356391
684.3297639,0.955852105
684.6678335,0.954046807
685.0058559,0.960354826
685.3438312,0.955636594
685.6817593,0.958216022
686.0196403,0.961721985
686.357474,0.959536765
686.6952605,0.960560328
687.0329998,0.96167657
687.3706918,0.963604719
687.7083367,0.96671831
688.0459343,0.965800065
688.3834846,0.9650366
688.7209877,0.96530266
689.0584435,0.969916033
689.395852,0.967469263
689.7332132,0.967124991
690.0705271,0.963578017
690.4077938,0.96466667
690.7450131,0.964931662
691.0821851,0.965442789
691.4193097,0.968065069
691.7563871,0.968489286
692.093417,0.965493183
692.4303996,0.967398354
692.7673349,0.966652018
693.1042227,0.967895893
693.4410632,0.967564198
693.7778563,0.967848653
694.114602,0.969194936
694.4513003,0.969855848
694.7879511,0.972407807
695.1245545,0.975618099
695.4611105,0.971780652
695.7976191,0.971673935
696.1340801,0.969040271
696.4704937,0.968662825
696.8068599,0.969439679
697.1431786,0.971294384
697.4794497,0.96960355
697.8156734,0.969959584
698.1518496,0.970611604
698.4879782,0.970334945
698.8240593,0.968529965
699.1600929,0.972990996
699.496079,0.973528748
699.8320174,0.972571464
700.1679084,0.972964016
700.5037517,0.972416887
700.8395475,0.969976389
701.1752957,0.973100186
701.5109963,0.97171321
701.8466493,0.973275363
702.1822547,0.972646937
702.5178124,0.97210127
702.8533225,0.97267189
703.188785,0.971094869
703.5241998,0.967293037
703.859567,0.972714771
704.1948865,0.97255795
704.5301584,0.975090071
704.8653825,0.975990423
705.200559,0.972165453
705.5356877,0.967156031
705.8707687,0.968862259
706.2058021,0.970374703
706.5407876,0.966556388
706.8757255,0.970432287
707.2106156,0.970092421
707.545458,0.973255885
707.8802525,0.975068562
708.2149994,0.975449801
708.5496984,0.976962863
708.8843496,0.977371805
709.2189531,0.972273036
709.5535087,0.972419387
709.8880165,0.975917292
710.2224765,0.97656871
710.5568887,0.975034697
710.891253,0.977086144
711.2255695,0.973859184
711.5598381,0.975521456
711.8940588,0.97475368
712.2282317,0.980185439
712.5623566,0.978920498
712.8964337,0.981540919
713.2304629,0.980181385
713.5644441,0.979252003
713.8983775,0.977535211
714.2322629,0.977064404
714.5661003,0.980329363
714.8998898,0.975389564
715.2336314,0.974621824
715.567325,0.971209798
715.9009706,0.974539679
716.2345682,0.973349629
716.5681178,0.976109001
716.9016195,0.981310621
717.2350731,0.983956845
717.5684787,0.978989157
717.9018363,0.976950043
718.2351458,0.975021606
718.5684073,0.974628955
718.9016207,0.976276493
719.2347861,0.975946943
719.5679034,0.976252269
719.9009726,0.975610174
720.2339938,0.978694307
720.5669668,0.980678976
720.8998917,0.981203336
721.2327685,0.977682194
721.5655972,0.974662002
721.8983778,0.974575327
722.2311102,0.976123156
722.5637944,0.980740186
722.8964305,0.979657763
723.2290185,0.976042101
723.5615582,0.976538912
723.8940498,0.978837224
724.2264931,0.981039149
724.5588883,0.9767019
724.8912353,0.976887242
725.223534,0.976831718
725.5557845,0.975177703
725.8879867,0.975990682
726.2201408,0.978920493
726.5522465,0.978550628
726.884304,0.976513128
727.2163132,0.97669719
727.5482741,0.974869859
727.8801868,0.977129879
728.2120511,0.978067136
728.5438671,0.978753409
728.8756348,0.978727849
729.2073542,0.980888673
729.5390252,0.980132566
729.8706479,0.978427401
730.2022223,0.977900537
730.5337483,0.977599367
730.8652259,0.979681459
731.1966551,0.97772462
731.5280359,0.979096039
731.8593684,0.977074151
732.1906524,0.977785398
732.521888,0.976488542
732.8530752,0.98028457
733.184214,0.977620768
733.5153043,0.980769469
733.8463462,0.979570949
734.1773396,0.980562726
734.5082845,0.98046703
734.839181,0.980785358
735.1700289,0.978228749
735.5008284,0.979214493
735.8315794,0.980337587
736.1622818,0.976787194
736.4929358,0.979051149
736.8235412,0.979374156
737.1540981,0.979594288
737.4846064,0.980258118
737.8150662,0.982289725
738.1454774,0.983226565
738.47584,0.985844678
738.806154,0.984157019
739.1364195,0.982103391
739.4666363,0.985438012
739.7968046,0.979951492
740.1269242,0.982142401
740.4569952,0.983249581
740.7870176,0.981407573
741.1169913,0.979716196
741.4469163,0.980307482
741.7767927,0.981289108
742.1066205,0.97901471
742.4363995,0.980023123
742.7661299,0.97994832
743.0958115,0.98066014
743.4254445,0.981883457
743.7550287,0.981501184
744.0845643,0.983129307
744.414051,0.988039679
744.7434891,0.985390815
745.0728784,0.988844096
745.4022189,0.989803189
745.7315107,0.990059602
746.0607537,0.984679727
746.3899479,0.978295366
746.7190933,0.980028445
747.0481899,0.981868122
747.3772377,0.984146032
747.7062367,0.984742591
748.0351868,0.98936314
748.3640881,0.98509543
748.6929406,0.986415868
749.0217442,0.987596371
749.3504989,0.984828074
749.6792047,0.981802333
750.0078617,0.985898971
750.3364698,0.987621924
750.665029,0.987297379
750.9935393,0.987496149
751.3220006,0.983433377
751.6504131,0.981935859
751.9787766,0.984574852
752.3070911,0.987306509
752.6353567,0.987360126
752.9635734,0.985624023
753.291741,0.984819388
753.6198597,0.989936551
753.9479294,0.9857033
754.2759501,0.984221638
754.6039218,0.988090634
754.9318445,0.985929519
755.2597182,0.983622022
755.5875428,0.986994528
755.9153184,0.98216671
756.2430449,0.982949127
756.5707224,0.985841451
756.8983508,0.984775184
757.2259301,0.984911053
757.5534604,0.983679263
757.8809415,0.985302026
758.2083736,0.985489478
758.5357565,0.984549817
758.8630904,0.983799858
759.190375,0.986570471
759.5176106,0.985172456
759.844797,0.979254849
760.1719343,0.984462099
760.4990223,0.981965881
760.8260613,0.983752651
761.153051,0.979970842
761.4799915,0.984308586
761.8068829,0.978096978
762.133725,0.979259944
762.4605179,0.9812255
762.7872616,0.982665083
763.113956,0.987851163
763.4406013,0.989628808
763.7671972,0.988337931
764.0937439,0.986069302
764.4202413,0.982130483
764.7466895,0.982895782
765.0730883,0.986274261
765.3994379,0.982233736
765.7257382,0.982315597
766.0519891,0.985243217
766.3781907,0.98667814
766.704343,0.987439878
767.0304459,0.986782253
767.3564995,0.988245138
767.6825038,0.988138574
768.0084587,0.988909701
768.3343642,0.989264723
768.6602203,0.994812796
768.986027,0.993010206
769.3117843,0.987681868
769.6374922,0.989677223
769.9631507,0.990470777
770.2887597,0.985595145
770.6143194,0.987688357
770.9398295,0.990072235
771.2652903,0.991626161
771.5907015,0.988900569
771.9160633,0.991172737
772.2413756,0.987237396
772.5666384,0.987906605
772.8918517,0.989155859
773.2170155,0.984226947
773.5421298,0.984756788
773.8671945,0.986107095
774.1922098,0.989634515
774.5171755,0.988078525
774.8420916,0.984511003
775.1669581,0.986196596
775.4917751,0.986343237
775.8165426,0.98970956
776.1412604,0.99084595
776.4659286,0.996571522
776.7905473,0.992892284
777.1151163,0.991097938
777.4396357,0.992688147
777.7641054,0.991370247
778.0885256,0.988782985
778.412896,0.986018043
778.7372169,0.985658115
779.061488,0.984705827
779.3857095,0.986984634
779.7098813,0.984149029
780.0340034,0.984209947
780.3580758,0.989816619
780.6820985,0.984863527
781.0060714,0.987130419
781.3299947,0.98576554
781.6538682,0.989214022
781.9776919,0.991623785
782.3014659,0.987948942
782.6251902,0.989213844
782.9488646,0.986599032
783.2724893,0.988633391
783.5960642,0.993615306
783.9195893,0.990208714
784.2430646,0.990587913
784.5664901,0.994857324
784.8898657,0.98995578
785.2131915,0.988993875
785.5364675,0.989254216
785.8596936,0.989132465
786.1828699,0.985896305
786.5059963,0.990412954
786.8290728,0.987956884
787.1520994,0.991849387
787.4750761,0.992242975
787.798003,0.987108325
788.1208799,0.982853705
788.4437069,0.988718895
788.7664839,0.986798712
789.089211,0.985938032
789.4118882,0.985746846
789.7345154,0.984289543
790.0570927,0.989225992
790.3796199,0.987463213
790.7020972,0.981965405
791.0245245,0.991599079
791.3469018,0.987778123
791.6692291,0.988822911
791.9915064,0.98664314
792.3137336,0.992443639
792.6359108,0.991808345
792.958038,0.987536829
793.2801151,0.990944008
793.6021421,0.990022458
793.9241191,0.992589487
794.246046,0.989734331
794.5679228,0.990751666
794.8897495,0.9892168
795.2115261,0.993778835
795.5332525,0.994687586
795.8549289,0.99522069
796.1765551,0.987669556
796.4981312,0.987090932
796.8196571,0.98499964
797.1411329,0.988126111
797.4625585,0.98797377
797.7839339,0.989031196
798.1052591,0.985644137
798.4265342,0.986236883
798.747759,0.991814846
799.0689336,0.989683853
799.390058,0.991775926
799.7111322,0.994139366
800.0321561,0.990305488
800.3531298,0.989732126
800.6740532,0.991385215
800.9949264,0.991588273
801.3157493,0.985894552
801.6365219,0.99006165
801.9572442,0.992304325
802.2779162,0.987837881
802.5985379,0.989712261
802.9191093,0.988343139
803.2396304,0.990881667
803.5601011,0.987925182
803.8805215,0.990048979
804.2008915,0.988544426
804.5212111,0.990627242
804.8414804,0.98958999
805.1616993,0.988635455
805.4818679,0.991197877
805.801986,0.98971831
806.1220537,0.986998097
806.442071,0.986285217
806.7620379,0.991628075
807.0819543,0.98422492
807.4018203,0.986115277
807.7216359,0.984887965
808.0414009,0.990852275
808.3611156,0.989119
808.6807797,0.986247384
809.0003934,0.984812513
809.3199565,0.984581089
809.6394692,0.986008793
809.9589314,0.982430827
810.278343,0.986414051
810.5977041,0.991522863
810.9170146,0.991130903
811.2362747,0.989863108
811.5554841,0.993795244
811.874643,0.992512005
812.1937513,0.991403685
812.5128091,0.990522231
812.8318162,0.987567527
813.1507727,0.990693224
813.4696787,0.994879861
813.788534,0.991261893
814.1073387,0.985848939
814.4260927,0.985032872
814.7447962,0.985547362
815.0634489,0.988546322
815.382051,0.990833567
815.7006024,0.989201772
816.0191032,0.995027463
816.3375532,0.997383654
816.6559526,0.99602841
816.9743013,0.997726004
817.2925992,0.992673923
817.6108464,0.996180196
817.9290429,0.997110796
818.2471886,0.99782865
818.5652836,0.996980231
818.8833279,0.997672343
819.2013213,0.989825367
819.519264,0.988526286
819.8371559,0.991959909
820.154997,0.993077945
820.4727873,0.997740148
820.7905268,0.99041508
821.1082155,0.988821838
821.4258533,0.985534111
821.7434404,0.983214741
822.0609765,0.98864814
822.3784618,0.985797406
822.6958963,0.98635647
823.0132798,0.98892948
823.3306125,0.982311584
823.6478943,0.988518787
823.9651252,0.989325347
824.2823052,0.991208991
824.5994342,0.99292771
824.9165124,0.990721173
825.2335396,0.996873972
825.5505159,0.990470378
825.8674412,0.994655292
826.1843155,0.991888353
826.5011389,0.992310209
826.8179113,0.99495579
827.1346327,0.993467279
827.4513031,0.991956439
827.7679225,0.995726679
828.0844909,0.99726194
828.4010083,0.991893847
828.7174746,0.996330207
829.0338899,0.989961269
829.3502542,0.996496619
829.6665674,0.995761061
829.9828295,0.996742139
830.2990406,1.000191215
830.6152005,0.997147236
830.9313094,1.00092456
831.2473672,1.001375669
831.5633738,1.001821118
831.8793294,1.004849372
832.1952338,1.001182982
832.511087,0.99283454
832.8268892,0.996618556
833.1426401,0.995891877
833.4583399,0.998645896
833.7739886,0.995337591
834.089586,1.002055034
834.4051323,0.991714978
834.7206273,0.990820046
835.0360712,0.991504427
835.3514638,0.993995868
835.6668052,0.997472071
835.9820954,0.992404042
836.2973344,0.994063043
836.612522,0.994352072
836.9276585,0.996774766
837.2427436,0.997629159
837.5577775,0.997609802
837.8727601,0.990344633
838.1876914,1.001747882
838.5025713,0.995440437
838.8174,0.995711379
839.1321774,0.99925645
839.4469034,0.992446323
839.761578,0.991930034
840.0762014,0.992579095
840.3907733,0.994827542
840.7052939,1.000743583
841.0197632,0.997147013
841.334181,1.003697996
841.6485475,1.001772947
841.9628625,0.999573633
842.2771261,0.99913385
842.5913384,0.999513226
842.9054991,0.996639292
843.2196085,0.996935235
843.5336664,0.999511653
843.8476729,1.003804279
844.1616278,1.000824097
844.4755314,1.00494379
844.7893834,1.000664772
845.1031839,0.997608656
845.416933,0.999926854
845.7306305,1.003204897
846.0442765,1.002990369
846.357871,1.005712202
846.671414,1.00308279
846.9849054,1.002003799
847.2983453,1.001994072
847.6117336,0.999374581
847.9250703,1.000383509
848.2383555,1.00148633
848.5515891,0.999414487
848.8647711,1.003140152
849.1779014,1.007391468
849.4909802,1.0062276
849.8040073,1.006842265
850.1169828,1.003780245
850.4299067,1.005416858
850.7427789,1.002370852
851.0555995,1.003955455
851.3683684,1.007182803
851.6810856,1.004531254
851.9937511,1.005705915
852.306365,1.001862953
852.6189271,0.998279842
852.9314376,1.00596953
853.2438963,1.00532758
853.5563033,1.002081209
853.8686585,1.0002401
854.180962,0.997864013
854.4932138,0.99900537
854.8054138,0.993645822
855.117562,0.994275983
855.4296584,0.995731947
855.7417031,0.994976354
856.0536959,0.996448944
856.3656369,1.000954569
856.6775262,1.001382034
856.9893636,0.999296323
857.3011491,1.001564435
857.6128829,0.993220504
857.9245647,0.99904662
858.2361947,1.004381225
858.5477729,0.997880866
858.8592992,0.998793484
859.1707735,1.00047275
859.482196,1.000312574
859.7935666,1.002177044
860.1048853,1.009366582
860.416152,1.007515743
860.7273668,1.003959725
861.0385297,1.009631501
861.3496406,1.000329312
861.6606996,1.004418269
861.9717066,1.000431367
862.2826617,1.001228428
862.5935647,1.002855896
862.9044158,1.006206877
863.2152148,1.001670688
863.5259619,1.00591316
863.8366569,1.006059814
864.1472999,1.00195846
864.4578909,1.000783177
864.7684298,1.000578852
865.0789166,0.999304017
865.3893515,0.997334513
865.6997342,1.003473954
866.0100648,1.004537322
866.3203434,0.999031036
866.6305699,1.005566625
866.9407442,1.000760811
867.2508665,1.003023052
867.5609366,1.002352941
867.8709546,1.001451884
868.1809204,1.000246868
868.4908341,0.998973515
868.8006957,0.995471875
869.110505,0.997178289
869.4202622,0.999257335
869.7299672,1.004426173
870.03962,0.998180064
870.3492206,0.995210603
870.658769,0.996831405
870.9682652,0.997990557
871.2777091,1.004453812
871.5871009,0.995417629
871.8964403,0.996630551
872.2057275,0.994588065
872.5149624,0.991628205
872.8241451,0.991086298
873.1332755,0.996319534
873.4423536,0.991446579
873.7513794,0.998589171
874.0603528,0.999715361
874.369274,0.996111682
874.6781428,1.004939165
874.9869593,1.003759184
875.2957235,1.004345259
875.6044353,1.007165238
875.9130947,1.006194795
876.2217018,1.00118869
876.5302565,1.004012712
876.8387588,1.002999602
877.1472087,1.003568504
877.4556062,0.999653665
877.7639513,0.999608127
878.0722439,0.995620305
878.3804841,0.997652123
878.6886719,0.994611131
878.9968073,1.001845013
879.3048901,1.001317045
879.6129205,0.991846713
879.9208985,0.994620476
880.2288239,0.994952928
880.5366969,0.99503341
880.8445173,1.000107674
881.1522853,1.003304418
881.4600007,0.99613893
881.7676636,1.00079559
882.0752739,0.997689925
882.3828317,1.000170976
882.690337,0.999730505
882.9977896,0.997739235
883.3051898,0.996512804
883.6125373,1.002991753
883.9198322,0.996996862
884.2270745,0.998379943
884.5342643,1.003964071
884.8414014,0.998763974
885.1484859,1.006432222
885.4555177,0.996404926
885.7624969,0.999916593
886.0694235,0.996536315
886.3762974,0.99660913
886.6831186,0.999079903
886.9898871,1.00058716
887.296603,1.004062708
887.6032661,1.002836708
887.9098766,1.001072931
888.2164343,0.995053043
888.5229393,0.990732506
888.8293916,1.003970734
889.1357911,1.004028308
889.4421379,0.998226176
889.748432,0.994708909
890.0546732,1.003543499
890.3608617,1.003155838
890.6669974,1.007892098
890.9730803,0.998408046
891.2791104,1.004908236
891.5850877,0.996480395
891.8910122,0.996292929
892.1968839,1.007743331
892.5027027,0.995455947
892.8084686,1.001201102
893.1141818,0.996339969
893.419842,0.991850928
893.7254494,0.995857981
894.0310039,1.004602217
894.3365055,0.999734028
894.6419542,1.001881195
894.94735,1.000831928
895.2526928,1.004775449
895.5579828,0.997600227
895.8632198,1.003136856
896.1684039,1.000363335
896.473535,0.992358342
896.7786131,0.997726585
897.0836383,1.007671015
897.3886105,0.997836405
897.6935298,1.006446875
897.998396,1.002426586
898.3032092,1.000830827
898.6079694,0.995689305
898.9126766,1.000087276
899.2173308,1.009861487
899.5219319,0.994318271
899.8264799,0.998313737
900.1309749,1.008407583
900.4354169,0.999093028
900.7398057,0.997177381
901.0441415,1.002893839
901.3484242,1.002422428
901.6526538,0.998572972
901.9568303,0.998973844
902.2609536,1.001533784
902.5650238,0.999297287
902.8690409,0.999983829
903.1730049,1.003778383
903.4769157,0.995944134
903.7807733,0.994492764
904.0845777,0.998728694
904.388329,0.996259777
904.6920271,0.995843512
904.995672,0.99236863
905.2992637,0.993949603
905.6028021,0.996504018
905.9062873,0.994013179
906.2097193,0.99414871
906.5130981,0.996421298
906.8164236,0.994499842
907.1196958,1.001062053
907.4229148,1.000271917
907.7260805,1.000620572
908.0291929,1.001259934
908.332252,1.001129235
908.6352579,1.002659512
908.9382103,0.995591933
909.2411095,1.002320056
909.5439554,0.991671395
909.8467479,0.994513665
910.149487,0.994440921
910.4521728,0.988186481
910.7548053,0.993663923
911.0573843,0.99716169
911.35991,0.991230253
911.6623823,0.993087158
911.9648011,0.990196677
912.2671666,0.995298915
912.5694787,0.995433497
912.8717373,0.994039983
913.1739425,0.997371348
913.4760942,0.997982728
913.7781925,0.997427985
914.0802373,1.004184665
914.3822287,1.004696709
914.6841665,0.997768231
914.9860509,1.002039818
915.2878818,0.995111883
915.5896592,0.998664629
915.891383,0.991573032
916.1930534,0.990871409
916.4946702,0.993593243
916.7962334,0.995378113
917.0977431,0.998554428
917.3991993,0.988691514
917.7006018,0.989812778
918.0019509,0.989422345
918.3032463,0.993617229
918.6044881,0.988011092
918.9056763,0.991490291
919.2068109,0.988789691
919.5078919,0.997202777
919.8089192,0.99395109
920.1098929,0.996884117
920.410813,0.994688359
920.7116794,0.994656523
921.0124922,0.998554166
921.3132512,0.995829651
921.6139566,0.999673034
921.9146083,0.988022661
922.2152063,0.993920723
922.5157506,0.995746063
922.8162411,0.995264262
923.116678,0.989673396
923.4170611,0.991385444
923.7173904,0.992619423
924.017666,0.989107497
924.3178878,0.989829182
924.6180559,0.99237793
924.9181702,0.994522256
925.2182307,0.994290259
925.5182374,0.999483415
925.8181903,0.999940364
926.1180894,0.993686479
926.4179346,1.001475872
926.717726,0.989603851
927.0174636,0.986919311
927.3171473,0.990778818
927.6167772,0.996079167
927.9163532,0.989888207
928.2158753,0.989613846
928.5153436,0.994561428
928.8147579,0.987181987
929.1141183,0.997600225
929.4134249,0.996159098
929.7126775,0.996922004
930.0118761,0.992602965
930.3110209,0.992575985
930.6101117,0.99251627
930.9091485,0.997684081
931.2081314,0.996866859
931.5070602,0.998751613
931.8059352,1.000192974
932.1047561,0.996684673
932.403523,1.006939868
932.7022359,1.006689892
933.0008948,1.009656057
933.2994997,1.002403
933.5980505,1.001246162
933.8965473,1.006654513
934.19499,0.991038929
934.4933787,1.007934395
934.7917133,1.000092252
935.0899938,1.004013352
935.3882202,1.004779531
935.6863925,0.996156321
935.9845108,0.998980862
936.2825749,0.999401307
936.5805849,0.990680496
936.8785407,0.998067388
937.1764424,0.994974136
937.47429,0.994540853
937.7720834,0.997945655
938.0698226,1.002588877
938.3675077,0.999129197
938.6651386,1.007228134
938.9627153,1.001053694
939.2602377,0.999170579
939.557706,0.994489833
939.85512,1.000358724
940.1524799,0.99335358
940.4497854,0.998688642
940.7470368,0.996995204
941.0442338,0.997642928
941.3413767,0.996166518
941.6384652,1.00049604
941.9354994,0.991834736
942.2324794,1.004871893
942.5294051,1.003157043
942.8262764,1.002222841
943.1230935,1.010185297
943.4198562,1.008865092
943.7165645,1.012228267
944.0132186,1.003203175
944.3098183,1.009164261
944.6063636,1.001308016
944.9028545,1.002276651
945.1992911,1.011268225
945.4956733,1.00247469
945.792001,0.991049176
946.0882744,1.004675164
946.3844934,1.009852154
946.6806579,1.010386686
946.976768,1.010194064
947.2728237,1.000159282
947.5688249,0.996151153
947.8647717,0.999420579
948.160664,1.004880671
948.4565018,1.000129944
948.7522851,1.010018236
949.048014,1.010527084
949.3436883,1.007927751
949.6393081,1.009908486
949.9348734,0.999776383
950.2303842,1.001065157
950.5258404,1.002355852
950.8212421,1.001659688
951.1165893,1.00130555
951.4118818,0.991385167
951.7071198,0.996889304
952.0023032,0.996051365
952.2974321,0.998595031
952.5925063,0.993056805
952.8875259,0.993680693
953.1824909,0.998685586
953.4774013,0.998779289
953.772257,1.00376909
954.0670581,1.001400928
954.3618046,1.018783226
954.6564963,1.015254449
954.9511335,1.01525097
955.2457159,0.999917951
955.5402436,1.005563289
955.8347167,1.005989403
956.129135,0.994307034
956.4234987,1.00126743
956.7178076,0.997710608
957.0120618,0.999942481
957.3062612,1.00246639
957.6004059,0.990265817
957.8944958,1.005200693
958.188531,1.002283938
958.4825114,1.003749315
958.776437,1.004235055
959.0703078,1.003315478
959.3641238,1.008390295
959.657885,1.0044358
959.9515914,1.014197033
960.2452429,1.003614011
960.5388396,1.013561675
960.8323815,1.007015291
961.1258685,1.016305499
961.4193007,1.005549896
961.7126779,1.01447956
962.0060003,1.006714863
962.2992678,1.021355183
962.5924804,1.017182315
962.8856381,1.019988911
963.1787409,1.002844268
963.4717888,1.010861008
963.7647817,1.01279604
964.0577197,1.00726208
964.3506027,1.010491367
964.6434308,0.997429912
964.9362039,1.010713656
965.228922,1.01337397
965.5215851,1.01692119
965.8141933,1.009169934
966.1067464,1.023223145
966.3992445,1.013894947
966.6916876,1.008526221
966.9840757,1.008716336
967.2764087,1.007447454
967.5686867,0.998892706
967.8609096,1.000536681
968.1530774,1.006529917
968.4451902,1.010196981
968.7372479,1.003710327
969.0292505,0.986816451
969.321198,1.006284203
969.6130904,1.005387989
969.9049277,1.009321219
970.1967098,1.004551141
970.4884368,1.009927058
970.7801087,1.011480503
971.0717254,1.014452585
971.3632869,0.99987782
971.6547933,1.026906114
971.9462445,1.004217125
972.2376405,1.0003101
972.5289813,1.016132154
972.8202669,1.021950054
973.1114973,1.003731023
973.4026724,1.010911077
973.6937923,1.011604588
973.984857,1.014241106
974.2758665,1.017873966
974.5668206,1.013603278
974.8577195,1.017291343
975.1485631,1.008575243
975.4393515,1.004878443
975.7300845,1.016580288
976.0207623,1.01769442
976.3113847,1.019220223
976.6019518,1.018477244
976.8924635,1.019289131
977.18292,1.020638528
977.4733211,1.007350685
977.7636668,0.997584052
978.0539571,1.013281369
978.3441921,1.021853417
978.6343717,1.010436573
978.9244959,1.005850862
979.2145647,1.026258308
979.5045781,1.012442145
979.7945361,1.007180366
980.0844387,0.994046095
980.3742858,1.019387393
980.6640775,1.026421144
980.9538137,1.006906929
981.2434944,1.012770696
981.5331197,1.01123422
981.8226895,1.029422736
982.1122038,1.014097136
982.4016627,1.022915067
982.691066,1.014405813
982.9804138,1.022199673
983.269706,1.021066239
983.5589428,1.014098763
983.848124,1.014559479
984.1372496,1.027601536
984.4263197,1.024706151
984.7153342,1.029678294
985.0042932,1.010213591
985.2931965,1.033932099
985.5820443,1.014666198
985.8708364,1.018492992
986.159573,1.020180256
986.4482539,1.00494216
986.7368792,1.035500549
987.0254488,1.001268633
987.3139628,0.999934115
987.6024212,1.039424381
987.8908239,1.005375494
988.1791709,1.023558839
988.4674622,1.003684078
988.7556978,1.027603159
989.0438778,1.010725265
989.332002,1.05449657
989.6200705,1.031268115
989.9080833,1.019811086
990.1960403,1.035645785
990.4839416,1.029889117
990.7717872,1.021602929
991.059577,1.026072212
991.347311,1.000979819
991.6349892,1.031989383
991.9226117,1.000255251
992.2101783,0.999132594
992.4976892,0.980701004
992.7851442,1.019357949
993.0725434,1.002093712
993.3598868,1.006453223
993.6471743,1.012083836
993.934406,1.021955131
994.2215818,1.037592796
994.5087017,1.033180012
994.7957658,1.020220028
995.082774,1.024617205
995.3697263,1.008118099
995.6566227,1.038218325
995.9434632,1.026012754
996.2302477,1.02413253
996.5169764,1.02959645
996.8036491,1.031017196
997.0902658,1.036451883
997.3768266,1.010844142
997.6633314,1.049616523
997.9497803,1.028136659
998.2361731,1.023339901
998.52251,1.026517336
998.8087909,1.068798089
999.0950158,1.01455868
999.3811846,1.033890147
999.6672974,1.070716017
999.9533542,1.054292082
1000.239355,1.030302854
1000.5253,1.007921432
1000.811188,1.036469558
1001.097021,1.04418063
1001.382797,1.091220792
1001.668518,1.012864014
1001.954182,1.049725942
1002.23979,1.063565398
1002.525342,1.03900155
1002.810838,1.059841491
1003.096278,1.033398803
1003.381662,1.010115656
1003.666989,1.094187118
1003.952261,1.068348445
1004.237476,1.024548428
1004.522635,1.052563992
1004.807738,1.047664249
1005.092784,1.040378473
1005.377775,1.043256807
1005.662709,1.026148776
1005.947587,1.021933136
1006.232409,1.085630507
1006.517174,1.030970633
1006.801884,0.999525925
1007.086537,1.017414117
1007.371134,1.055886874
1007.655674,1.098954231
1007.940158,0.998668882
1008.224586,1.040752764
1008.508958,1.111043663
1008.793273,1.025325696
1009.077532,0.997592206
1009.361735,1.047220271
1009.645881,1.060229918
1009.929971,1.039757642
1010.214005,1.046603589
1010.497982,1.029600385
1010.781903,1.057299926
1011.065768,1.076886538
1011.349576,1.045533431
1011.633328,1.061652195
1011.917023,1.058822292
1012.200662,0.968813108
1012.484244,1.026152124
1012.767771,1.013016807
1013.05124,1.067541435
1013.334653,1.06096552
1013.61801,1.038559821
1013.90131,0.992790575
1014.184554,1.054951377
1014.467741,1.090144584
1014.750872,1.023712369
1015.033947,1.031429698
1015.316964,1.07288102
1015.599926,1.039150671
1015.88283,1.065696517
1016.165679,1.077298691
1016.44847,1.087834771
1016.731206,1.043904891
1017.013884,1.081909115
1017.296506,1.066133449
1017.579071,1.08168101
1017.86158,1.05187871
1018.144032,1.066087105
1018.426428,1.068817599
1018.708767,1.069410987
1018.991049,1.009707577
1019.273275,1.102497667
1019.555444,1.032203609
1019.837557,1.082405118
1020.119612,1.043486608
1020.401612,1.047429924
1020.683554,1.113798298
1020.96544,1.056041087
1021.247269,1.098451434
1021.529041,1.103523208
1021.810757,1.103523208
1022.092416,1.103523208